person_id,id,name,character,role
991001,ts_orch_101,Amara Okoye,Nneka,ACTOR
991002,ts_orch_101,Daniel Ford,Evan,ACTOR
991003,ts_orch_101,Maya Chen,,DIRECTOR
991004,ts_orch_102,Maya Chen,,DIRECTOR
991005,ts_orch_102,Tobi Akinwale,Kunle,ACTOR
991006,ts_orch_102,Kemi Bello,,DIRECTOR
991007,ts_orch_103,Kemi Bello,,DIRECTOR
991008,ts_orch_103,Nora Hayes,Dr. Lane,ACTOR
991009,ts_orch_103,Marcus Reed,Cole,ACTOR
991010,ts_orch_104,Marcus Reed,Cole,ACTOR
991011,ts_orch_104,Jonas Meyer,,DIRECTOR
991012,ts_orch_104,Leah Grant,Host,ACTOR
991013,ts_orch_105,Leah Grant,Host,ACTOR
991014,ts_orch_105,Sofia Mendes,,DIRECTOR
991015,ts_orch_105,Claire Dubois,Elise,ACTOR
991016,ts_orch_106,Claire Dubois,Elise,ACTOR
991017,ts_orch_106,Hugo Martin,Paul,ACTOR
991018,ts_orch_106,Amara Okoye,Nneka,ACTOR
991019,ts_orch_107,Amara Okoye,Nneka,ACTOR
991020,ts_orch_107,Daniel Ford,Evan,ACTOR
991021,ts_orch_107,Maya Chen,,DIRECTOR
991022,ts_orch_108,Maya Chen,,DIRECTOR
991023,ts_orch_108,Tobi Akinwale,Kunle,ACTOR
991024,ts_orch_108,Kemi Bello,,DIRECTOR
991025,ts_orch_109,Kemi Bello,,DIRECTOR
991026,ts_orch_109,Nora Hayes,Dr. Lane,ACTOR
991027,ts_orch_109,Marcus Reed,Cole,ACTOR
991028,ts_orch_110,Marcus Reed,Cole,ACTOR
991029,ts_orch_110,Jonas Meyer,,DIRECTOR
991030,ts_orch_110,Leah Grant,Host,ACTOR
991031,ts_orch_111,Leah Grant,Host,ACTOR
991032,ts_orch_111,Sofia Mendes,,DIRECTOR
991033,ts_orch_111,Claire Dubois,Elise,ACTOR
991034,ts_orch_112,Claire Dubois,Elise,ACTOR
991035,ts_orch_112,Hugo Martin,Paul,ACTOR
991036,ts_orch_112,Amara Okoye,Nneka,ACTOR
